mean,std,seed_42,seed_123,seed_321,d,b,h,rh,blk,ns,it,label
94,2,94,92,96,25,50,5,5,5,300,30,d25_b50_h5_rh5_blk5_ns300_it30
36,7.211103,44,30,34,50,100,5,1,5,300,30,d50_b100_h5_rh1_blk5_ns300_it30
52.666667,5.033223,58,52,48,50,100,5,5,5,300,30,d50_b100_h5_rh5_blk5_ns300_it30
22,8,30,14,22,50,100,10,5,5,300,30,d50_b100_h10_rh5_blk5_ns300_it30
18,2,18,20,16,75,150,5,5,5,300,30,d75_b150_h5_rh5_blk5_ns300_it30
10.666667,1.154701,12,10,10,75,150,10,5,5,300,30,d75_b150_h10_rh5_blk5_ns300_it30
3.333333,2.309401,6,2,2,75,150,15,5,5,300,30,d75_b150_h15_rh5_blk5_ns300_it30
