mean,std,seed_42,seed_123,seed_321,d,b,h,rh,blk,ns,it,label
65.333333,4.163332,70,64,62,25,50,5,5,5,300,30,d25_b50_h5_rh5_blk5_ns300_it30
48,2,46,48,50,50,100,5,1,5,300,30,d50_b100_h5_rh1_blk5_ns300_it30
52,3.464102,50,50,56,50,100,5,5,5,300,30,d50_b100_h5_rh5_blk5_ns300_it30
45.333333,1.154701,46,46,44,50,100,10,5,5,300,30,d50_b100_h10_rh5_blk5_ns300_it30
53.333333,7.023769,54,60,46,75,150,5,5,5,300,30,d75_b150_h5_rh5_blk5_ns300_it30
40.666667,8.326664,50,38,34,75,150,10,5,5,300,30,d75_b150_h10_rh5_blk5_ns300_it30
41.333333,4.163332,46,38,40,75,150,15,5,5,300,30,d75_b150_h15_rh5_blk5_ns300_it30
